{"ranking_model": {"backend_model_type": "CatBoostRanker", "model_name": "logged_out_ranker", "model_version": "1.0.1", "model_path": "ranking_model"}, "calibration_model": {"backend_model_type": "LogisticRegression", "model_name": "logged_out_calibration_model", "model_version": "1.0.0", "model_path": "calibration_model.joblib"}, "feature_names": ["QueryNormalizedDistance", "ScaledAbsoluteDistanceWithDefaultRetrievalRadius", "SearchCenterLocationLatitudeNotRounded", "SearchCenterLocationLatitudeRoundedToTwo", "SearchCenterLocationLongitudeNotRounded", "SearchCenterLocationLongitudeRoundedToTwo", "RestaurantReservationsDow", "RestaurantTotalUniqueGpidViews", "RestaurantTotalProfileViews", "CategoricalDayOfWeek", "AverageRestaurantAmbienceRating"], "names2dtypes": {"QueryNormalizedDistance": "float32", "ScaledAbsoluteDistanceWithDefaultRetrievalRadius": "float32", "SearchCenterLocationLatitudeNotRounded": "float32", "SearchCenterLocationLatitudeRoundedToTwo": "float32", "SearchCenterLocationLongitudeNotRounded": "float32", "SearchCenterLocationLongitudeRoundedToTwo": "float32", "RestaurantReservationsDow": "float32", "RestaurantTotalUniqueGpidViews": "float32", "RestaurantTotalProfileViews": "float32", "CategoricalDayOfWeek": "int32", "AverageRestaurantAmbienceRating": "float32"}}